{
  "project_info": {
    "project_number": "893496362682",
    "project_id": "kitty-care-9c1be",
    "storage_bucket": "kitty-care-9c1be.firebasestorage.app"
  },
  "client": [
    {
      "client_info": {
        "mobilesdk_app_id": "1:893496362682:android:dfaa484b6893ac8444e483",
        "android_client_info": {
          "package_name": "com.example.auto_cat_feeder"
        }
      },
      "oauth_client": [],
      "api_key": [
        {
          "current_key": "AIzaSyDxRilKF_GoPB3Q0aaMRB0vr16oMnK2a5I"
        }
      ],
      "services": {
        "appinvite_service": {
          "other_platform_oauth_client": []
        }
      }
    }
  ],
  "configuration_version": "1"
}